name,search_term,service,location,phone,email,website,favorite

WOOD GASY,Wood,Furniture manufacturer,, +261 34 14 208 88 �,,,Y 

Wood by G,Wood,Upholstery shop,Antananarivo,,,,Y 

Menuiserie Tambatra,Wood,Wood floor refinishing service,,

Wood Studio Mada,Wood,Corporate office,, +261 33 50 403 23 � 

Foret d'Ikongo,Wood,Woods,,

Foret de Sahatany,Wood,Woods,,

Foret de Namodidy,Wood,Woods,,

Foret de Ankazobe,Wood,Woods,,

Menuiserie de Manjakaray (Parkex rvn),Wood,Wood and laminate flooring supplier,, +261 33 14 934 10 � 

Foret Devidiambola,Wood,Woods,,

Foret d'Ankasotrobaka,Wood,Woods,,

Foret d'Ambatolaha,Wood,Woods,,

Alan' i Sandravololona,Wood,Woods,,

Foret de Vohidrazana,Wood,Woods,,

Foret d'Ankaramena,Wood,Woods,,

Alan' i Vohitromby,Wood,Woods,,

Alan' i Beheloka,Wood,Woods,,

Alan Ambatolana,Wood,Woods,,

Alan Antanetivy,Wood,Woods,,

NH construction materials woods,Wood,Corporate office,Antananarivo, +261 34 05 140 25 � 

